,project,fuzzer,run,nodes_reached,nodes_flipped
0,objdump,HasteFuzz+C,004,2400,1137
1,objdump,HasteFuzz+C,006,2418,1191
2,objdump,HasteFuzz+C,003,2420,1205
3,objdump,HasteFuzz+C,002,2385,1163
4,objdump,HasteFuzz+C,008,2417,1210
5,objdump,HasteFuzz+C,005,2297,1134
6,objdump,HasteFuzz+C,009,2425,1205
7,objdump,HasteFuzz+C,007,2514,1230
8,objdump,HasteFuzz+C,001,2474,1210
9,objdump,HasteFuzz+C,000,2430,1205
10,tcpdump,FOX,004,6695,3630
11,tcpdump,FOX,006,6747,3684
12,tcpdump,FOX,003,5860,3175
13,tcpdump,FOX,002,7023,3813
14,tcpdump,FOX,008,7155,3852
15,tcpdump,FOX,005,6501,3550
16,tcpdump,FOX,009,6705,3677
17,tcpdump,FOX,007,6906,3739
18,tcpdump,FOX,001,6465,3521
19,tcpdump,FOX,000,5955,3143
20,xmllint,AFLPP+C,004,2472,942
21,xmllint,AFLPP+C,006,2413,902
22,xmllint,AFLPP+C,003,2514,946
23,xmllint,AFLPP+C,002,2375,890
24,xmllint,AFLPP+C,008,2382,892
25,xmllint,AFLPP+C,005,2317,844
26,xmllint,AFLPP+C,009,2446,891
27,xmllint,AFLPP+C,007,2437,919
28,xmllint,AFLPP+C,001,2340,853
29,xmllint,AFLPP+C,000,2391,897
30,readelf,FOX,004,1380,996
31,readelf,FOX,006,1344,955
32,readelf,FOX,003,1527,1098
33,readelf,FOX,002,1340,946
34,readelf,FOX,008,1559,1101
35,readelf,FOX,005,1500,1056
36,readelf,FOX,009,1512,1074
37,readelf,FOX,007,1702,1227
38,readelf,FOX,001,1523,1090
39,readelf,FOX,000,1367,973
40,jasper,HasteFuzz,004,1534,527
41,jasper,HasteFuzz,006,1524,515
42,jasper,HasteFuzz,003,1485,481
43,jasper,HasteFuzz,002,1429,469
44,jasper,HasteFuzz,008,1567,540
45,jasper,HasteFuzz,005,1553,542
46,jasper,HasteFuzz,009,1602,558
47,jasper,HasteFuzz,007,1464,492
48,jasper,HasteFuzz,001,1588,546
49,jasper,HasteFuzz,000,1410,448
50,pdftotext,FOX+D,004,1345,459
51,pdftotext,FOX+D,006,1385,468
52,pdftotext,FOX+D,003,1509,484
53,pdftotext,FOX+D,002,2309,977
54,pdftotext,FOX+D,008,1510,485
55,pdftotext,FOX+D,005,2499,1031
56,pdftotext,FOX+D,009,1499,470
57,pdftotext,FOX+D,007,1333,441
58,pdftotext,FOX+D,001,1408,458
59,pdftotext,FOX+D,000,1433,466
60,tcpdump,FOX+D,004,7265,3989
61,tcpdump,FOX+D,006,6138,3433
62,tcpdump,FOX+D,003,6214,3452
63,tcpdump,FOX+D,002,7179,3961
64,tcpdump,FOX+D,008,6996,3924
65,tcpdump,FOX+D,005,6676,3685
66,tcpdump,FOX+D,009,7060,3965
67,tcpdump,FOX+D,007,7183,3999
68,tcpdump,FOX+D,001,6514,3577
69,tcpdump,FOX+D,000,6936,3855
70,objdump,FOX,004,2696,1326
71,objdump,FOX,006,2539,1341
72,objdump,FOX,003,2734,1266
73,objdump,FOX,002,2860,1409
74,objdump,FOX,008,2840,1402
75,objdump,FOX,005,2701,1407
76,objdump,FOX,009,2810,1358
77,objdump,FOX,007,2682,1409
78,objdump,FOX,001,2918,1460
79,objdump,FOX,000,2676,1302
80,tiffcrop,HasteFuzz+C,004,3509,1666
81,tiffcrop,HasteFuzz+C,006,3659,1835
82,tiffcrop,HasteFuzz+C,003,3637,1789
83,tiffcrop,HasteFuzz+C,002,3587,1702
84,tiffcrop,HasteFuzz+C,008,3547,1730
85,tiffcrop,HasteFuzz+C,005,3480,1665
86,tiffcrop,HasteFuzz+C,009,3688,1821
87,tiffcrop,HasteFuzz+C,007,3658,1821
88,tiffcrop,HasteFuzz+C,001,3641,1790
89,tiffcrop,HasteFuzz+C,000,3647,1801
90,size,AFLPP+CD,004,1296,675
91,size,AFLPP+CD,006,1401,697
92,size,AFLPP+CD,003,1284,668
93,size,AFLPP+CD,002,1277,651
94,size,AFLPP+CD,008,1297,672
95,size,AFLPP+CD,005,1309,680
96,size,AFLPP+CD,009,1385,703
97,size,AFLPP+CD,007,1292,679
98,size,AFLPP+CD,001,1280,655
99,size,AFLPP+CD,000,1205,626
100,exiv2,FOX,004,3771,896
101,exiv2,FOX,006,4458,1067
102,exiv2,FOX,003,3798,897
103,exiv2,FOX,002,3888,933
104,exiv2,FOX,008,3865,937
105,exiv2,FOX,005,3788,897
106,exiv2,FOX,009,3871,942
107,exiv2,FOX,007,4179,1074
108,exiv2,FOX,001,3866,934
109,exiv2,FOX,000,3804,899
110,size,AFLPP,004,1258,620
111,size,AFLPP,006,1174,583
112,size,AFLPP,003,1215,613
113,size,AFLPP,002,1254,631
114,size,AFLPP,008,1261,648
115,size,AFLPP,005,1217,636
116,size,AFLPP,009,1275,651
117,size,AFLPP,007,1140,588
118,size,AFLPP,001,1257,635
119,size,AFLPP,000,1226,585
120,ffmpeg,HasteFuzz+C,004,8927,3827
121,ffmpeg,HasteFuzz+C,006,9218,4361
122,ffmpeg,HasteFuzz+C,003,9358,4329
123,ffmpeg,HasteFuzz+C,002,8719,3866
124,ffmpeg,HasteFuzz+C,008,9301,4328
125,ffmpeg,HasteFuzz+C,005,8543,4171
126,ffmpeg,HasteFuzz+C,009,9703,4277
127,ffmpeg,HasteFuzz+C,007,7979,3683
128,ffmpeg,HasteFuzz+C,001,8298,3757
129,ffmpeg,HasteFuzz+C,000,8660,3895
130,pdftotext,AFLPP+C,004,1338,444
131,pdftotext,AFLPP+C,006,1409,436
132,pdftotext,AFLPP+C,003,1340,452
133,pdftotext,AFLPP+C,002,1403,427
134,pdftotext,AFLPP+C,008,1331,441
135,pdftotext,AFLPP+C,005,1410,461
136,pdftotext,AFLPP+C,009,1320,418
137,pdftotext,AFLPP+C,007,1367,450
138,pdftotext,AFLPP+C,001,1352,429
139,pdftotext,AFLPP+C,000,1337,436
140,jasper,AFLPP+CD,004,1629,586
141,jasper,AFLPP+CD,006,1817,687
142,jasper,AFLPP+CD,003,1669,605
143,jasper,AFLPP+CD,002,1758,672
144,jasper,AFLPP+CD,008,1599,571
145,jasper,AFLPP+CD,005,1664,594
146,jasper,AFLPP+CD,009,1614,588
147,jasper,AFLPP+CD,007,1763,686
148,jasper,AFLPP+CD,001,1654,588
149,jasper,AFLPP+CD,000,1789,666
150,tiffcrop,AFLPP+C,004,3644,1830
151,tiffcrop,AFLPP+C,006,3598,1783
152,tiffcrop,AFLPP+C,003,3742,1890
153,tiffcrop,AFLPP+C,002,3683,1858
154,tiffcrop,AFLPP+C,008,3571,1756
155,tiffcrop,AFLPP+C,005,3673,1831
156,tiffcrop,AFLPP+C,009,3607,1788
157,tiffcrop,AFLPP+C,007,3694,1870
158,tiffcrop,AFLPP+C,001,3546,1718
159,tiffcrop,AFLPP+C,000,3661,1796
160,tiff2pdf,AFLPP+C,004,3207,1477
161,tiff2pdf,AFLPP+C,006,3229,1495
162,tiff2pdf,AFLPP+C,003,3330,1531
163,tiff2pdf,AFLPP+C,002,3359,1565
164,tiff2pdf,AFLPP+C,008,3297,1532
165,tiff2pdf,AFLPP+C,005,3242,1497
166,tiff2pdf,AFLPP+C,009,3017,1344
167,tiff2pdf,AFLPP+C,007,3279,1491
168,tiff2pdf,AFLPP+C,001,3101,1428
169,tiff2pdf,AFLPP+C,000,3207,1506
170,objdump,HasteFuzz+CD,004,2471,1201
171,objdump,HasteFuzz+CD,006,2413,1176
172,objdump,HasteFuzz+CD,003,2536,1263
173,objdump,HasteFuzz+CD,002,2521,1235
174,objdump,HasteFuzz+CD,008,2524,1278
175,objdump,HasteFuzz+CD,005,2424,1185
176,objdump,HasteFuzz+CD,009,2340,1167
177,objdump,HasteFuzz+CD,007,2499,1230
178,objdump,HasteFuzz+CD,001,2488,1237
179,objdump,HasteFuzz+CD,000,2406,1180
180,tiff2pdf,AFLPP+CD,004,3224,1529
181,tiff2pdf,AFLPP+CD,006,3198,1479
182,tiff2pdf,AFLPP+CD,003,3278,1506
183,tiff2pdf,AFLPP+CD,002,3282,1519
184,tiff2pdf,AFLPP+CD,008,3179,1463
185,tiff2pdf,AFLPP+CD,005,3178,1463
186,tiff2pdf,AFLPP+CD,009,3263,1528
187,tiff2pdf,AFLPP+CD,007,3234,1490
188,tiff2pdf,AFLPP+CD,001,3221,1526
189,tiff2pdf,AFLPP+CD,000,3248,1516
190,nm-new,HasteFuzz+C,004,1932,1018
191,nm-new,HasteFuzz+C,006,1858,910
192,nm-new,HasteFuzz+C,003,1573,710
193,nm-new,HasteFuzz+C,002,1940,1055
194,nm-new,HasteFuzz+C,008,1929,1011
195,nm-new,HasteFuzz+C,005,1899,1011
196,nm-new,HasteFuzz+C,009,1993,1067
197,nm-new,HasteFuzz+C,007,1963,1051
198,nm-new,HasteFuzz+C,001,1963,1019
199,nm-new,HasteFuzz+C,000,1772,827
200,ffmpeg,AFLPP+CD,004,10471,4391
201,ffmpeg,AFLPP+CD,006,9439,4269
202,ffmpeg,AFLPP+CD,003,9417,4007
203,ffmpeg,AFLPP+CD,002,8286,3546
204,ffmpeg,AFLPP+CD,008,9476,4417
205,ffmpeg,AFLPP+CD,005,7674,3198
206,ffmpeg,AFLPP+CD,009,8410,3595
207,ffmpeg,AFLPP+CD,007,8537,3938
208,ffmpeg,AFLPP+CD,001,8515,3702
209,ffmpeg,AFLPP+CD,000,8850,4149
210,ffmpeg,AFLPP+C,004,8740,4327
211,ffmpeg,AFLPP+C,006,8593,4115
212,ffmpeg,AFLPP+C,003,8520,4233
213,ffmpeg,AFLPP+C,002,9930,5026
214,ffmpeg,AFLPP+C,008,8127,4031
215,ffmpeg,AFLPP+C,005,10542,5481
216,ffmpeg,AFLPP+C,009,8136,4211
217,ffmpeg,AFLPP+C,007,8795,4479
218,ffmpeg,AFLPP+C,001,9463,4619
219,ffmpeg,AFLPP+C,000,8371,4257
220,objdump,AFLPP+CD,004,2390,1166
221,objdump,AFLPP+CD,006,2574,1260
222,objdump,AFLPP+CD,003,2547,1283
223,objdump,AFLPP+CD,002,2531,1246
224,objdump,AFLPP+CD,008,2628,1329
225,objdump,AFLPP+CD,005,2500,1254
226,objdump,AFLPP+CD,009,2592,1300
227,objdump,AFLPP+CD,007,2579,1291
228,objdump,AFLPP+CD,001,2497,1252
229,objdump,AFLPP+CD,000,2521,1285
230,exiv2,AFLPP+CD,004,5022,1313
231,exiv2,AFLPP+CD,006,5604,1450
232,exiv2,AFLPP+CD,003,5836,1573
233,exiv2,AFLPP+CD,002,5467,1532
234,exiv2,AFLPP+CD,008,5651,1433
235,exiv2,AFLPP+CD,005,5803,1570
236,exiv2,AFLPP+CD,009,6216,1715
237,exiv2,AFLPP+CD,007,5344,1310
238,exiv2,AFLPP+CD,001,5732,1532
239,exiv2,AFLPP+CD,000,5498,1392
240,tcpdump,AFLPP+C,004,6803,3523
241,tcpdump,AFLPP+C,006,6795,3524
242,tcpdump,AFLPP+C,003,6574,3482
243,tcpdump,AFLPP+C,002,6789,3479
244,tcpdump,AFLPP+C,008,7317,3842
245,tcpdump,AFLPP+C,005,6622,3337
246,tcpdump,AFLPP+C,009,6666,3429
247,tcpdump,AFLPP+C,007,6787,3478
248,tcpdump,AFLPP+C,001,6755,3395
249,tcpdump,AFLPP+C,000,6780,3470
250,objdump,AFLPP,004,2078,997
251,objdump,AFLPP,006,2124,1026
252,objdump,AFLPP,003,2127,1024
253,objdump,AFLPP,002,2089,994
254,objdump,AFLPP,008,2037,971
255,objdump,AFLPP,005,2091,1016
256,objdump,AFLPP,009,2026,966
257,objdump,AFLPP,007,2308,1140
258,objdump,AFLPP,001,2023,958
259,objdump,AFLPP,000,2066,1008
260,readelf,AFLPP+CD,004,1183,717
261,readelf,AFLPP+CD,006,1374,912
262,readelf,AFLPP+CD,003,1444,985
263,readelf,AFLPP+CD,002,1343,922
264,readelf,AFLPP+CD,008,1251,794
265,readelf,AFLPP+CD,005,1080,663
266,readelf,AFLPP+CD,009,1403,986
267,readelf,AFLPP+CD,007,1372,961
268,readelf,AFLPP+CD,001,1352,954
269,readelf,AFLPP+CD,000,1482,1037
270,tiff2ps,HasteFuzz+C,004,2114,1019
271,tiff2ps,HasteFuzz+C,006,2026,947
272,tiff2ps,HasteFuzz+C,003,2098,1016
273,tiff2ps,HasteFuzz+C,002,2081,1005
274,tiff2ps,HasteFuzz+C,008,2110,1030
275,tiff2ps,HasteFuzz+C,005,2112,1027
276,tiff2ps,HasteFuzz+C,009,2059,983
277,tiff2ps,HasteFuzz+C,007,2127,1038
278,tiff2ps,HasteFuzz+C,001,2038,967
279,tiff2ps,HasteFuzz+C,000,2121,1024
280,pdftotext,HasteFuzz+CD,004,1378,411
281,pdftotext,HasteFuzz+CD,006,1461,500
282,pdftotext,HasteFuzz+CD,003,1382,453
283,pdftotext,HasteFuzz+CD,002,1356,436
284,pdftotext,HasteFuzz+CD,008,1487,446
285,pdftotext,HasteFuzz+CD,005,1494,453
286,pdftotext,HasteFuzz+CD,009,1360,451
287,pdftotext,HasteFuzz+CD,007,1022,357
288,pdftotext,HasteFuzz+CD,001,1349,434
289,pdftotext,HasteFuzz+CD,000,1414,454
290,size,HasteFuzz,004,1134,575
291,size,HasteFuzz,006,1110,560
292,size,HasteFuzz,003,1186,589
293,size,HasteFuzz,002,1162,555
294,size,HasteFuzz,008,1169,570
295,size,HasteFuzz,005,1123,529
296,size,HasteFuzz,009,1110,550
297,size,HasteFuzz,007,1151,587
298,size,HasteFuzz,001,1068,531
299,size,HasteFuzz,000,1224,591
300,exiv2,HasteFuzz+C,004,4295,1030
301,exiv2,HasteFuzz+C,006,3796,921
302,exiv2,HasteFuzz+C,003,4582,1085
303,exiv2,HasteFuzz+C,002,4389,1044
304,exiv2,HasteFuzz+C,008,4618,1103
305,exiv2,HasteFuzz+C,005,3609,812
306,exiv2,HasteFuzz+C,009,4521,1069
307,exiv2,HasteFuzz+C,007,4342,1060
308,exiv2,HasteFuzz+C,001,4304,1032
309,exiv2,HasteFuzz+C,000,4028,928
310,tiff2ps,FOX,004,2205,1138
311,tiff2ps,FOX,006,2189,1127
312,tiff2ps,FOX,003,2142,1098
313,tiff2ps,FOX,002,2131,1060
314,tiff2ps,FOX,008,2112,1070
315,tiff2ps,FOX,005,2126,1072
316,tiff2ps,FOX,009,2173,1123
317,tiff2ps,FOX,007,2206,1125
318,tiff2ps,FOX,001,2124,1080
319,tiff2ps,FOX,000,2145,1092
320,exiv2,FOX+D,004,6071,1730
321,exiv2,FOX+D,006,5863,1725
322,exiv2,FOX+D,003,5524,1590
323,exiv2,FOX+D,002,5973,1664
324,exiv2,FOX+D,008,5734,1617
325,exiv2,FOX+D,005,5698,1656
326,exiv2,FOX+D,009,5698,1636
327,exiv2,FOX+D,007,5233,1357
328,exiv2,FOX+D,001,5709,1631
329,exiv2,FOX+D,000,5138,1368
330,jasper,FOX,004,1720,621
331,jasper,FOX,006,1720,626
332,jasper,FOX,003,1746,638
333,jasper,FOX,002,1684,593
334,jasper,FOX,008,1720,627
335,jasper,FOX,005,1721,631
336,jasper,FOX,009,1715,618
337,jasper,FOX,007,1718,626
338,jasper,FOX,001,1719,627
339,jasper,FOX,000,1721,632
340,bsdtar,HasteFuzz+C,004,2092,1103
341,bsdtar,HasteFuzz+C,006,1997,1010
342,bsdtar,HasteFuzz+C,003,1833,899
343,bsdtar,HasteFuzz+C,002,2108,1110
344,bsdtar,HasteFuzz+C,008,1880,891
345,bsdtar,HasteFuzz+C,005,2124,1118
346,bsdtar,HasteFuzz+C,009,1828,886
347,bsdtar,HasteFuzz+C,007,1918,936
348,bsdtar,HasteFuzz+C,001,1916,919
349,bsdtar,HasteFuzz+C,000,2015,1020
350,ffmpeg,HasteFuzz,004,9447,5189
351,ffmpeg,HasteFuzz,006,9328,5008
352,ffmpeg,HasteFuzz,003,9844,5478
353,ffmpeg,HasteFuzz,002,10462,5710
354,ffmpeg,HasteFuzz,008,10877,6147
355,ffmpeg,HasteFuzz,005,9329,5046
356,ffmpeg,HasteFuzz,009,11001,6006
357,ffmpeg,HasteFuzz,007,11813,6674
358,ffmpeg,HasteFuzz,001,10396,5480
359,ffmpeg,HasteFuzz,000,10765,5884
360,tiff2pdf,HasteFuzz,004,3236,1473
361,tiff2pdf,HasteFuzz,006,2961,1357
362,tiff2pdf,HasteFuzz,003,3148,1470
363,tiff2pdf,HasteFuzz,002,3182,1472
364,tiff2pdf,HasteFuzz,008,3152,1454
365,tiff2pdf,HasteFuzz,005,3174,1478
366,tiff2pdf,HasteFuzz,009,3192,1485
367,tiff2pdf,HasteFuzz,007,3332,1519
368,tiff2pdf,HasteFuzz,001,3167,1471
369,tiff2pdf,HasteFuzz,000,3097,1436
370,readelf,HasteFuzz+CD,004,1065,653
371,readelf,HasteFuzz+CD,006,1078,674
372,readelf,HasteFuzz+CD,003,1061,652
373,readelf,HasteFuzz+CD,002,1122,733
374,readelf,HasteFuzz+CD,008,1213,808
375,readelf,HasteFuzz+CD,005,1383,972
376,readelf,HasteFuzz+CD,009,1215,810
377,readelf,HasteFuzz+CD,007,1096,655
378,readelf,HasteFuzz+CD,001,1227,849
379,readelf,HasteFuzz+CD,000,1404,960
380,tcpdump,HasteFuzz,004,4618,2347
381,tcpdump,HasteFuzz,006,4399,2201
382,tcpdump,HasteFuzz,003,5259,2653
383,tcpdump,HasteFuzz,002,4823,2490
384,tcpdump,HasteFuzz,008,5225,2595
385,tcpdump,HasteFuzz,005,5178,2688
386,tcpdump,HasteFuzz,009,4784,2489
387,tcpdump,HasteFuzz,007,5239,2641
388,tcpdump,HasteFuzz,001,5026,2570
389,tcpdump,HasteFuzz,000,5010,2572
390,nm-new,FOX+D,004,2383,1319
391,nm-new,FOX+D,006,2139,1216
392,nm-new,FOX+D,003,2263,1136
393,nm-new,FOX+D,002,2251,1166
394,nm-new,FOX+D,008,2091,1088
395,nm-new,FOX+D,005,2262,1158
396,nm-new,FOX+D,009,2238,1121
397,nm-new,FOX+D,007,2046,1052
398,nm-new,FOX+D,001,2267,1232
399,nm-new,FOX+D,000,2188,1088
400,tiff2ps,AFLPP,004,2053,1002
401,tiff2ps,AFLPP,006,2006,976
402,tiff2ps,AFLPP,003,2094,1014
403,tiff2ps,AFLPP,002,2106,1020
404,tiff2ps,AFLPP,008,2045,1002
405,tiff2ps,AFLPP,005,2014,977
406,tiff2ps,AFLPP,009,2038,996
407,tiff2ps,AFLPP,007,2072,1004
408,tiff2ps,AFLPP,001,1994,961
409,tiff2ps,AFLPP,000,2086,1022
410,size,FOX+D,004,1537,870
411,size,FOX+D,006,1499,859
412,size,FOX+D,003,1683,895
413,size,FOX+D,002,1494,803
414,size,FOX+D,008,1628,850
415,size,FOX+D,005,1538,822
416,size,FOX+D,009,1596,818
417,size,FOX+D,007,1537,797
418,size,FOX+D,001,1543,880
419,size,FOX+D,000,1670,905
420,pdftotext,HasteFuzz,004,1179,314
421,pdftotext,HasteFuzz,006,1185,314
422,pdftotext,HasteFuzz,003,1180,306
423,pdftotext,HasteFuzz,002,1183,324
424,pdftotext,HasteFuzz,008,1179,320
425,pdftotext,HasteFuzz,005,1180,306
426,pdftotext,HasteFuzz,009,1185,331
427,pdftotext,HasteFuzz,007,1173,295
428,pdftotext,HasteFuzz,001,1173,292
429,pdftotext,HasteFuzz,000,844,242
430,bsdtar,FOX+D,004,3114,1903
431,bsdtar,FOX+D,006,3139,1887
432,bsdtar,FOX+D,003,2825,1712
433,bsdtar,FOX+D,002,3393,1989
434,bsdtar,FOX+D,008,3013,1819
435,bsdtar,FOX+D,005,3211,1958
436,bsdtar,FOX+D,009,3091,1913
437,bsdtar,FOX+D,007,3072,1815
438,bsdtar,FOX+D,001,2866,1700
439,bsdtar,FOX+D,000,3103,1846
440,xmllint,AFLPP+CD,004,3922,1705
441,xmllint,AFLPP+CD,006,3874,1747
442,xmllint,AFLPP+CD,003,3683,1617
443,xmllint,AFLPP+CD,002,3795,1698
444,xmllint,AFLPP+CD,008,3839,1674
445,xmllint,AFLPP+CD,005,3660,1608
446,xmllint,AFLPP+CD,009,3443,1411
447,xmllint,AFLPP+CD,007,3673,1603
448,xmllint,AFLPP+CD,001,3717,1591
449,xmllint,AFLPP+CD,000,3623,1578
450,tiff2pdf,HasteFuzz+CD,004,3123,1403
451,tiff2pdf,HasteFuzz+CD,006,3212,1499
452,tiff2pdf,HasteFuzz+CD,003,3185,1441
453,tiff2pdf,HasteFuzz+CD,002,3237,1475
454,tiff2pdf,HasteFuzz+CD,008,3211,1453
455,tiff2pdf,HasteFuzz+CD,005,3243,1489
456,tiff2pdf,HasteFuzz+CD,009,3182,1434
457,tiff2pdf,HasteFuzz+CD,007,3244,1482
458,tiff2pdf,HasteFuzz+CD,001,3247,1502
459,tiff2pdf,HasteFuzz+CD,000,3248,1496
460,exiv2,AFLPP+C,004,4713,1138
461,exiv2,AFLPP+C,006,4491,1113
462,exiv2,AFLPP+C,003,4667,1128
463,exiv2,AFLPP+C,002,4502,1112
464,exiv2,AFLPP+C,008,3846,896
465,exiv2,AFLPP+C,005,4521,1098
466,exiv2,AFLPP+C,009,4444,1085
467,exiv2,AFLPP+C,007,5091,1247
468,exiv2,AFLPP+C,001,4593,1091
469,exiv2,AFLPP+C,000,3901,968
470,bsdtar,AFLPP,004,1735,799
471,bsdtar,AFLPP,006,1973,964
472,bsdtar,AFLPP,003,1789,818
473,bsdtar,AFLPP,002,1796,844
474,bsdtar,AFLPP,008,1335,528
475,bsdtar,AFLPP,005,1660,734
476,bsdtar,AFLPP,009,1691,759
477,bsdtar,AFLPP,007,1720,775
478,bsdtar,AFLPP,001,1794,810
479,bsdtar,AFLPP,000,1647,724
480,ffmpeg,AFLPP,004,10507,6356
481,ffmpeg,AFLPP,006,9939,5876
482,ffmpeg,AFLPP,003,11452,6838
483,ffmpeg,AFLPP,002,10588,6383
484,ffmpeg,AFLPP,008,10789,6363
485,ffmpeg,AFLPP,005,9753,5905
486,ffmpeg,AFLPP,009,10604,6423
487,ffmpeg,AFLPP,007,8822,5053
488,ffmpeg,AFLPP,001,10814,6524
489,ffmpeg,AFLPP,000,8919,5208
490,strip-new,AFLPP+CD,004,2686,1324
491,strip-new,AFLPP+CD,006,2717,1404
492,strip-new,AFLPP+CD,003,2668,1397
493,strip-new,AFLPP+CD,002,2582,1320
494,strip-new,AFLPP+CD,008,2555,1302
495,strip-new,AFLPP+CD,005,2577,1361
496,strip-new,AFLPP+CD,009,2601,1335
497,strip-new,AFLPP+CD,007,2684,1382
498,strip-new,AFLPP+CD,001,2513,1287
499,strip-new,AFLPP+CD,000,2667,1401
500,xmllint,HasteFuzz+CD,004,3729,1621
501,xmllint,HasteFuzz+CD,006,3681,1617
502,xmllint,HasteFuzz+CD,003,3560,1523
503,xmllint,HasteFuzz+CD,002,3796,1636
504,xmllint,HasteFuzz+CD,008,3721,1629
505,xmllint,HasteFuzz+CD,005,3542,1496
506,xmllint,HasteFuzz+CD,009,3833,1693
507,xmllint,HasteFuzz+CD,007,3655,1603
508,xmllint,HasteFuzz+CD,001,3650,1599
509,xmllint,HasteFuzz+CD,000,3732,1633
510,tiff2ps,HasteFuzz,004,2006,977
511,tiff2ps,HasteFuzz,006,1980,965
512,tiff2ps,HasteFuzz,003,2047,982
513,tiff2ps,HasteFuzz,002,2030,983
514,tiff2ps,HasteFuzz,008,1993,961
515,tiff2ps,HasteFuzz,005,2042,974
516,tiff2ps,HasteFuzz,009,2002,971
517,tiff2ps,HasteFuzz,007,2023,987
518,tiff2ps,HasteFuzz,001,2048,989
519,tiff2ps,HasteFuzz,000,2035,994
520,strip-new,FOX+D,004,3364,1667
521,strip-new,FOX+D,006,3301,1600
522,strip-new,FOX+D,003,2880,1587
523,strip-new,FOX+D,002,3258,1554
524,strip-new,FOX+D,008,3336,1631
525,strip-new,FOX+D,005,3129,1700
526,strip-new,FOX+D,009,3397,1671
527,strip-new,FOX+D,007,3335,1585
528,strip-new,FOX+D,001,2918,1585
529,strip-new,FOX+D,000,3467,1752
530,tiffcrop,FOX+D,004,3800,1962
531,tiffcrop,FOX+D,006,3765,1956
532,tiffcrop,FOX+D,003,3759,1960
533,tiffcrop,FOX+D,002,3760,1955
534,tiffcrop,FOX+D,008,3807,1954
535,tiffcrop,FOX+D,005,3704,1894
536,tiffcrop,FOX+D,009,3809,1968
537,tiffcrop,FOX+D,007,3707,1907
538,tiffcrop,FOX+D,001,3759,1904
539,tiffcrop,FOX+D,000,3819,1960
540,xmllint,FOX+D,004,3727,1672
541,xmllint,FOX+D,006,3860,1708
542,xmllint,FOX+D,003,3781,1688
543,xmllint,FOX+D,002,4009,1806
544,xmllint,FOX+D,008,3831,1716
545,xmllint,FOX+D,005,4008,1831
546,xmllint,FOX+D,009,3999,1821
547,xmllint,FOX+D,007,4074,1865
548,xmllint,FOX+D,001,3743,1662
549,xmllint,FOX+D,000,3905,1731
550,size,FOX,004,1517,796
551,size,FOX,006,1403,714
552,size,FOX,003,1336,728
553,size,FOX,002,1275,686
554,size,FOX,008,1478,785
555,size,FOX,005,1530,819
556,size,FOX,009,1519,792
557,size,FOX,007,1515,788
558,size,FOX,001,1452,762
559,size,FOX,000,1569,837
560,pdftotext,HasteFuzz+C,004,1329,426
561,pdftotext,HasteFuzz+C,006,1365,572
562,pdftotext,HasteFuzz+C,003,1402,436
563,pdftotext,HasteFuzz+C,002,997,368
564,pdftotext,HasteFuzz+C,008,1318,417
565,pdftotext,HasteFuzz+C,005,1354,442
566,pdftotext,HasteFuzz+C,009,1154,372
567,pdftotext,HasteFuzz+C,007,1486,447
568,pdftotext,HasteFuzz+C,001,1351,434
569,pdftotext,HasteFuzz+C,000,1352,435
570,readelf,AFLPP,004,1413,986
571,readelf,AFLPP,006,1294,875
572,readelf,AFLPP,003,1208,820
573,readelf,AFLPP,002,1277,882
574,readelf,AFLPP,008,1245,836
575,readelf,AFLPP,005,1357,942
576,readelf,AFLPP,009,1153,787
577,readelf,AFLPP,007,1388,972
578,readelf,AFLPP,001,1193,807
579,readelf,AFLPP,000,1211,828
580,readelf,AFLPP+C,004,1048,637
581,readelf,AFLPP+C,006,1265,819
582,readelf,AFLPP+C,003,1157,728
583,readelf,AFLPP+C,002,1246,816
584,readelf,AFLPP+C,008,1185,768
585,readelf,AFLPP+C,005,1157,680
586,readelf,AFLPP+C,009,1241,841
587,readelf,AFLPP+C,007,1417,1006
588,readelf,AFLPP+C,001,1170,761
589,readelf,AFLPP+C,000,1025,647
590,jasper,HasteFuzz+CD,004,1823,712
591,jasper,HasteFuzz+CD,006,1726,633
592,jasper,HasteFuzz+CD,003,1716,614
593,jasper,HasteFuzz+CD,002,1724,627
594,jasper,HasteFuzz+CD,008,1758,644
595,jasper,HasteFuzz+CD,005,1813,697
596,jasper,HasteFuzz+CD,009,1767,651
597,jasper,HasteFuzz+CD,007,1688,636
598,jasper,HasteFuzz+CD,001,1900,739
599,jasper,HasteFuzz+CD,000,1740,647
600,nm-new,FOX,004,2133,1093
601,nm-new,FOX,006,1995,1076
602,nm-new,FOX,003,2221,1239
603,nm-new,FOX,002,2104,1060
604,nm-new,FOX,008,2125,1231
605,nm-new,FOX,005,2299,1286
606,nm-new,FOX,009,1997,1049
607,nm-new,FOX,007,2118,1231
608,nm-new,FOX,001,2216,1235
609,nm-new,FOX,000,2065,1029
610,nm-new,HasteFuzz,004,1545,684
611,nm-new,HasteFuzz,006,1841,965
612,nm-new,HasteFuzz,003,1860,951
613,nm-new,HasteFuzz,002,1868,992
614,nm-new,HasteFuzz,008,1611,708
615,nm-new,HasteFuzz,005,1235,595
616,nm-new,HasteFuzz,009,1793,919
617,nm-new,HasteFuzz,007,1742,878
618,nm-new,HasteFuzz,001,1205,576
619,nm-new,HasteFuzz,000,1174,539
620,tiffcrop,FOX,004,3805,1967
621,tiffcrop,FOX,006,3625,1844
622,tiffcrop,FOX,003,3669,1865
623,tiffcrop,FOX,002,3664,1875
624,tiffcrop,FOX,008,3722,1883
625,tiffcrop,FOX,005,3674,1877
626,tiffcrop,FOX,009,3714,1902
627,tiffcrop,FOX,007,3660,1867
628,tiffcrop,FOX,001,3663,1855
629,tiffcrop,FOX,000,3757,1931
630,strip-new,FOX,004,3043,1586
631,strip-new,FOX,006,3142,1567
632,strip-new,FOX,003,2665,1410
633,strip-new,FOX,002,3190,1564
634,strip-new,FOX,008,3153,1559
635,strip-new,FOX,005,3135,1563
636,strip-new,FOX,009,2788,1514
637,strip-new,FOX,007,2695,1476
638,strip-new,FOX,001,2731,1443
639,strip-new,FOX,000,3195,1576
640,xmllint,FOX,004,3620,1568
641,xmllint,FOX,006,3674,1613
642,xmllint,FOX,003,3777,1631
643,xmllint,FOX,002,2542,956
644,xmllint,FOX,008,3553,1531
645,xmllint,FOX,005,3998,1719
646,xmllint,FOX,009,3411,1456
647,xmllint,FOX,007,3517,1481
648,xmllint,FOX,001,3378,1410
649,xmllint,FOX,000,3551,1529
650,jasper,AFLPP,004,1518,529
651,jasper,AFLPP,006,1521,493
652,jasper,AFLPP,003,1461,488
653,jasper,AFLPP,002,1430,464
654,jasper,AFLPP,008,1573,548
655,jasper,AFLPP,005,1440,480
656,jasper,AFLPP,009,1464,494
657,jasper,AFLPP,007,1533,529
658,jasper,AFLPP,001,1478,489
659,jasper,AFLPP,000,1505,497
660,tcpdump,AFLPP+CD,004,7058,3693
661,tcpdump,AFLPP+CD,006,6805,3599
662,tcpdump,AFLPP+CD,003,7100,3710
663,tcpdump,AFLPP+CD,002,6491,3453
664,tcpdump,AFLPP+CD,008,6810,3587
665,tcpdump,AFLPP+CD,005,6681,3397
666,tcpdump,AFLPP+CD,009,6631,3460
667,tcpdump,AFLPP+CD,007,6762,3518
668,tcpdump,AFLPP+CD,001,6954,3610
669,tcpdump,AFLPP+CD,000,7210,3890
670,nm-new,AFLPP+C,004,1973,1086
671,nm-new,AFLPP+C,006,1977,1079
672,nm-new,AFLPP+C,003,1920,1041
673,nm-new,AFLPP+C,002,1976,1066
674,nm-new,AFLPP+C,008,1966,976
675,nm-new,AFLPP+C,005,1942,1083
676,nm-new,AFLPP+C,009,2062,1131
677,nm-new,AFLPP+C,007,1971,1088
678,nm-new,AFLPP+C,001,1870,928
679,nm-new,AFLPP+C,000,1985,1081
680,nm-new,HasteFuzz+CD,004,2018,1068
681,nm-new,HasteFuzz+CD,006,1963,1063
682,nm-new,HasteFuzz+CD,003,1977,1072
683,nm-new,HasteFuzz+CD,002,2026,1075
684,nm-new,HasteFuzz+CD,008,2015,1085
685,nm-new,HasteFuzz+CD,005,2212,1181
686,nm-new,HasteFuzz+CD,009,2059,1068
687,nm-new,HasteFuzz+CD,007,2066,1151
688,nm-new,HasteFuzz+CD,001,1881,908
689,nm-new,HasteFuzz+CD,000,1987,1032
690,ffmpeg,HasteFuzz+CD,004,9987,4446
691,ffmpeg,HasteFuzz+CD,006,8515,3877
692,ffmpeg,HasteFuzz+CD,003,10148,4463
693,ffmpeg,HasteFuzz+CD,002,8588,3671
694,ffmpeg,HasteFuzz+CD,008,9046,4268
695,ffmpeg,HasteFuzz+CD,005,8466,3670
696,ffmpeg,HasteFuzz+CD,009,8845,3985
697,ffmpeg,HasteFuzz+CD,007,8814,3966
698,ffmpeg,HasteFuzz+CD,001,8940,4120
699,ffmpeg,HasteFuzz+CD,000,7852,3589
700,bsdtar,AFLPP+C,004,1850,875
701,bsdtar,AFLPP+C,006,1810,870
702,bsdtar,AFLPP+C,003,1877,934
703,bsdtar,AFLPP+C,002,2125,1088
704,bsdtar,AFLPP+C,008,1882,932
705,bsdtar,AFLPP+C,005,1976,986
706,bsdtar,AFLPP+C,009,1541,695
707,bsdtar,AFLPP+C,007,1813,887
708,bsdtar,AFLPP+C,001,1578,726
709,bsdtar,AFLPP+C,000,1914,912
710,readelf,FOX+D,004,1727,1279
711,readelf,FOX+D,006,1675,1222
712,readelf,FOX+D,003,1790,1307
713,readelf,FOX+D,002,1738,1271
714,readelf,FOX+D,008,1615,1198
715,readelf,FOX+D,005,1800,1302
716,readelf,FOX+D,009,1779,1302
717,readelf,FOX+D,007,1577,1151
718,readelf,FOX+D,001,1717,1257
719,readelf,FOX+D,000,1637,1197
720,tcpdump,HasteFuzz+C,004,6431,3275
721,tcpdump,HasteFuzz+C,006,6412,3187
722,tcpdump,HasteFuzz+C,003,6963,3509
723,tcpdump,HasteFuzz+C,002,6581,3309
724,tcpdump,HasteFuzz+C,008,6810,3433
725,tcpdump,HasteFuzz+C,005,6180,3156
726,tcpdump,HasteFuzz+C,009,6082,3118
727,tcpdump,HasteFuzz+C,007,6333,3132
728,tcpdump,HasteFuzz+C,001,6779,3361
729,tcpdump,HasteFuzz+C,000,6531,3360
730,pdftotext,AFLPP+CD,004,1410,452
731,pdftotext,AFLPP+CD,006,1072,372
732,pdftotext,AFLPP+CD,003,1367,459
733,pdftotext,AFLPP+CD,002,1354,441
734,pdftotext,AFLPP+CD,008,1334,443
735,pdftotext,AFLPP+CD,005,1341,453
736,pdftotext,AFLPP+CD,009,1413,455
737,pdftotext,AFLPP+CD,007,1387,478
738,pdftotext,AFLPP+CD,001,1334,446
739,pdftotext,AFLPP+CD,000,1405,446
740,tiffcrop,AFLPP,004,3593,1800
741,tiffcrop,AFLPP,006,3547,1745
742,tiffcrop,AFLPP,003,3636,1799
743,tiffcrop,AFLPP,002,3581,1792
744,tiffcrop,AFLPP,008,3627,1796
745,tiffcrop,AFLPP,005,3544,1750
746,tiffcrop,AFLPP,009,3527,1739
747,tiffcrop,AFLPP,007,3609,1769
748,tiffcrop,AFLPP,001,3619,1827
749,tiffcrop,AFLPP,000,3622,1822
750,tiff2pdf,FOX+D,004,3289,1559
751,tiff2pdf,FOX+D,006,3336,1578
752,tiff2pdf,FOX+D,003,3334,1584
753,tiff2pdf,FOX+D,002,3364,1583
754,tiff2pdf,FOX+D,008,3326,1559
755,tiff2pdf,FOX+D,005,3148,1470
756,tiff2pdf,FOX+D,009,3380,1605
757,tiff2pdf,FOX+D,007,3351,1589
758,tiff2pdf,FOX+D,001,3396,1617
759,tiff2pdf,FOX+D,000,3341,1579
760,tiffcrop,HasteFuzz,004,3433,1673
761,tiffcrop,HasteFuzz,006,3520,1722
762,tiffcrop,HasteFuzz,003,3544,1758
763,tiffcrop,HasteFuzz,002,3630,1822
764,tiffcrop,HasteFuzz,008,3511,1725
765,tiffcrop,HasteFuzz,005,3553,1766
766,tiffcrop,HasteFuzz,009,3551,1774
767,tiffcrop,HasteFuzz,007,3582,1775
768,tiffcrop,HasteFuzz,001,3473,1692
769,tiffcrop,HasteFuzz,000,3549,1725
770,tiff2pdf,HasteFuzz+C,004,3175,1500
771,tiff2pdf,HasteFuzz+C,006,3098,1398
772,tiff2pdf,HasteFuzz+C,003,3178,1461
773,tiff2pdf,HasteFuzz+C,002,3192,1475
774,tiff2pdf,HasteFuzz+C,008,3043,1405
775,tiff2pdf,HasteFuzz+C,005,3186,1479
776,tiff2pdf,HasteFuzz+C,009,3124,1454
777,tiff2pdf,HasteFuzz+C,007,3199,1484
778,tiff2pdf,HasteFuzz+C,001,3200,1510
779,tiff2pdf,HasteFuzz+C,000,3111,1434
780,readelf,HasteFuzz,004,1078,692
781,readelf,HasteFuzz,006,1431,955
782,readelf,HasteFuzz,003,1402,975
783,readelf,HasteFuzz,002,1163,754
784,readelf,HasteFuzz,008,1193,797
785,readelf,HasteFuzz,005,1232,847
786,readelf,HasteFuzz,009,1306,893
787,readelf,HasteFuzz,007,1185,792
788,readelf,HasteFuzz,001,1285,887
789,readelf,HasteFuzz,000,1197,813
790,jasper,HasteFuzz+C,004,1751,664
791,jasper,HasteFuzz+C,006,1833,696
792,jasper,HasteFuzz+C,003,1813,681
793,jasper,HasteFuzz+C,002,1684,607
794,jasper,HasteFuzz+C,008,1767,659
795,jasper,HasteFuzz+C,005,1713,607
796,jasper,HasteFuzz+C,009,1673,646
797,jasper,HasteFuzz+C,007,1664,599
798,jasper,HasteFuzz+C,001,1723,644
799,jasper,HasteFuzz+C,000,1732,661
800,strip-new,HasteFuzz+CD,004,2606,1337
801,strip-new,HasteFuzz+CD,006,2735,1399
802,strip-new,HasteFuzz+CD,003,2627,1328
803,strip-new,HasteFuzz+CD,002,2576,1290
804,strip-new,HasteFuzz+CD,008,2589,1317
805,strip-new,HasteFuzz+CD,005,2534,1300
806,strip-new,HasteFuzz+CD,009,2599,1299
807,strip-new,HasteFuzz+CD,007,2560,1314
808,strip-new,HasteFuzz+CD,001,2632,1294
809,strip-new,HasteFuzz+CD,000,2710,1390
810,bsdtar,AFLPP+CD,004,3369,1997
811,bsdtar,AFLPP+CD,006,3076,1741
812,bsdtar,AFLPP+CD,003,2859,1605
813,bsdtar,AFLPP+CD,002,3327,1946
814,bsdtar,AFLPP+CD,008,2990,1676
815,bsdtar,AFLPP+CD,005,2839,1606
816,bsdtar,AFLPP+CD,009,2949,1679
817,bsdtar,AFLPP+CD,007,2798,1564
818,bsdtar,AFLPP+CD,001,3104,1801
819,bsdtar,AFLPP+CD,000,2856,1615
820,exiv2,AFLPP,004,3996,965
821,exiv2,AFLPP,006,3821,904
822,exiv2,AFLPP,003,3692,883
823,exiv2,AFLPP,002,3751,894
824,exiv2,AFLPP,008,3663,880
825,exiv2,AFLPP,005,3655,882
826,exiv2,AFLPP,009,3669,872
827,exiv2,AFLPP,007,3779,901
828,exiv2,AFLPP,001,3464,801
829,exiv2,AFLPP,000,3695,883
830,bsdtar,HasteFuzz,004,1803,823
831,bsdtar,HasteFuzz,006,1991,946
832,bsdtar,HasteFuzz,003,1806,854
833,bsdtar,HasteFuzz,002,1800,816
834,bsdtar,HasteFuzz,008,1807,836
835,bsdtar,HasteFuzz,005,1848,839
836,bsdtar,HasteFuzz,009,1876,870
837,bsdtar,HasteFuzz,007,2087,1034
838,bsdtar,HasteFuzz,001,1782,803
839,bsdtar,HasteFuzz,000,1693,767
840,tiff2ps,AFLPP+C,004,2106,1029
841,tiff2ps,AFLPP+C,006,2126,1053
842,tiff2ps,AFLPP+C,003,2097,1035
843,tiff2ps,AFLPP+C,002,2137,1044
844,tiff2ps,AFLPP+C,008,2163,1083
845,tiff2ps,AFLPP+C,005,2143,1065
846,tiff2ps,AFLPP+C,009,2121,1039
847,tiff2ps,AFLPP+C,007,2072,1020
848,tiff2ps,AFLPP+C,001,2100,1022
849,tiff2ps,AFLPP+C,000,2086,1018
850,tiff2ps,FOX+D,004,2053,1009
851,tiff2ps,FOX+D,006,2081,1048
852,tiff2ps,FOX+D,003,2232,1149
853,tiff2ps,FOX+D,002,2055,1035
854,tiff2ps,FOX+D,008,2064,1040
855,tiff2ps,FOX+D,005,2055,1020
856,tiff2ps,FOX+D,009,2058,1033
857,tiff2ps,FOX+D,007,2059,1025
858,tiff2ps,FOX+D,001,2044,1029
859,tiff2ps,FOX+D,000,2079,1044
860,tiff2ps,AFLPP+CD,004,2106,1049
861,tiff2ps,AFLPP+CD,006,2159,1068
862,tiff2ps,AFLPP+CD,003,2158,1092
863,tiff2ps,AFLPP+CD,002,2113,1031
864,tiff2ps,AFLPP+CD,008,2145,1060
865,tiff2ps,AFLPP+CD,005,2139,1060
866,tiff2ps,AFLPP+CD,009,2124,1052
867,tiff2ps,AFLPP+CD,007,2135,1047
868,tiff2ps,AFLPP+CD,001,2135,1061
869,tiff2ps,AFLPP+CD,000,2117,1055
870,size,AFLPP+C,004,1251,660
871,size,AFLPP+C,006,1260,666
872,size,AFLPP+C,003,1251,664
873,size,AFLPP+C,002,1245,664
874,size,AFLPP+C,008,1305,634
875,size,AFLPP+C,005,1257,665
876,size,AFLPP+C,009,1334,676
877,size,AFLPP+C,007,1416,764
878,size,AFLPP+C,001,1304,685
879,size,AFLPP+C,000,1185,631
880,ffmpeg,FOX+D,004,15236,8409
881,ffmpeg,FOX+D,006,14810,8253
882,ffmpeg,FOX+D,003,14296,7871
883,ffmpeg,FOX+D,002,13541,7428
884,ffmpeg,FOX+D,008,13580,7460
885,ffmpeg,FOX+D,005,14173,7846
886,ffmpeg,FOX+D,009,12389,6829
887,ffmpeg,FOX+D,007,14051,7868
888,ffmpeg,FOX+D,001,14315,8222
889,ffmpeg,FOX+D,000,13543,7470
890,exiv2,HasteFuzz,004,3602,858
891,exiv2,HasteFuzz,006,3731,872
892,exiv2,HasteFuzz,003,3670,855
893,exiv2,HasteFuzz,002,3654,850
894,exiv2,HasteFuzz,008,3585,852
895,exiv2,HasteFuzz,005,3581,833
896,exiv2,HasteFuzz,009,3608,844
897,exiv2,HasteFuzz,007,3557,841
898,exiv2,HasteFuzz,001,3470,785
899,exiv2,HasteFuzz,000,3590,839
900,tiffcrop,HasteFuzz+CD,004,3593,1776
901,tiffcrop,HasteFuzz+CD,006,3667,1825
902,tiffcrop,HasteFuzz+CD,003,3609,1756
903,tiffcrop,HasteFuzz+CD,002,3586,1772
904,tiffcrop,HasteFuzz+CD,008,3596,1754
905,tiffcrop,HasteFuzz+CD,005,3585,1750
906,tiffcrop,HasteFuzz+CD,009,3540,1700
907,tiffcrop,HasteFuzz+CD,007,3418,1667
908,tiffcrop,HasteFuzz+CD,001,3639,1777
909,tiffcrop,HasteFuzz+CD,000,3556,1701
910,readelf,HasteFuzz+C,004,1272,880
911,readelf,HasteFuzz+C,006,1363,939
912,readelf,HasteFuzz+C,003,1370,942
913,readelf,HasteFuzz+C,002,1309,917
914,readelf,HasteFuzz+C,008,1255,884
915,readelf,HasteFuzz+C,005,1266,867
916,readelf,HasteFuzz+C,009,1291,887
917,readelf,HasteFuzz+C,007,1436,1048
918,readelf,HasteFuzz+C,001,1179,806
919,readelf,HasteFuzz+C,000,1341,980
920,tiffcrop,AFLPP+CD,004,3626,1782
921,tiffcrop,AFLPP+CD,006,3608,1765
922,tiffcrop,AFLPP+CD,003,3692,1834
923,tiffcrop,AFLPP+CD,002,3652,1805
924,tiffcrop,AFLPP+CD,008,3492,1690
925,tiffcrop,AFLPP+CD,005,3593,1793
926,tiffcrop,AFLPP+CD,009,3685,1848
927,tiffcrop,AFLPP+CD,007,3624,1826
928,tiffcrop,AFLPP+CD,001,3552,1726
929,tiffcrop,AFLPP+CD,000,3588,1769
930,nm-new,AFLPP+CD,004,2006,1075
931,nm-new,AFLPP+CD,006,1981,1026
932,nm-new,AFLPP+CD,003,2025,1106
933,nm-new,AFLPP+CD,002,2006,1071
934,nm-new,AFLPP+CD,008,1891,964
935,nm-new,AFLPP+CD,005,1357,647
936,nm-new,AFLPP+CD,009,1986,1049
937,nm-new,AFLPP+CD,007,1853,871
938,nm-new,AFLPP+CD,001,1349,652
939,nm-new,AFLPP+CD,000,1942,1009
940,ffmpeg,FOX,004,13390,8218
941,ffmpeg,FOX,006,13616,8277
942,ffmpeg,FOX,003,12402,7391
943,ffmpeg,FOX,002,12188,7345
944,ffmpeg,FOX,008,12630,7712
945,ffmpeg,FOX,005,12982,7849
946,ffmpeg,FOX,009,13357,8175
947,ffmpeg,FOX,007,12884,7760
948,ffmpeg,FOX,001,12479,7635
949,ffmpeg,FOX,000,12458,7639
950,xmllint,HasteFuzz+C,004,2433,920
951,xmllint,HasteFuzz+C,006,2501,908
952,xmllint,HasteFuzz+C,003,2401,902
953,xmllint,HasteFuzz+C,002,2472,931
954,xmllint,HasteFuzz+C,008,2349,853
955,xmllint,HasteFuzz+C,005,2408,894
956,xmllint,HasteFuzz+C,009,2376,891
957,xmllint,HasteFuzz+C,007,2387,897
958,xmllint,HasteFuzz+C,001,2390,888
959,xmllint,HasteFuzz+C,000,2434,895
960,strip-new,HasteFuzz+C,004,2479,1251
961,strip-new,HasteFuzz+C,006,2490,1286
962,strip-new,HasteFuzz+C,003,2600,1331
963,strip-new,HasteFuzz+C,002,2271,1117
964,strip-new,HasteFuzz+C,008,2504,1292
965,strip-new,HasteFuzz+C,005,2523,1282
966,strip-new,HasteFuzz+C,009,2546,1313
967,strip-new,HasteFuzz+C,007,2519,1317
968,strip-new,HasteFuzz+C,001,2557,1306
969,strip-new,HasteFuzz+C,000,2550,1255
970,objdump,FOX+D,004,2743,1412
971,objdump,FOX+D,006,2672,1354
972,objdump,FOX+D,003,2830,1409
973,objdump,FOX+D,002,2635,1328
974,objdump,FOX+D,008,2950,1450
975,objdump,FOX+D,005,2627,1373
976,objdump,FOX+D,009,3050,1556
977,objdump,FOX+D,007,2767,1444
978,objdump,FOX+D,001,2982,1491
979,objdump,FOX+D,000,2910,1400
980,size,HasteFuzz+CD,004,1308,660
981,size,HasteFuzz+CD,006,1235,654
982,size,HasteFuzz+CD,003,1277,669
983,size,HasteFuzz+CD,002,1293,660
984,size,HasteFuzz+CD,008,1262,641
985,size,HasteFuzz+CD,005,1312,683
986,size,HasteFuzz+CD,009,1290,666
987,size,HasteFuzz+CD,007,1315,667
988,size,HasteFuzz+CD,001,1290,661
989,size,HasteFuzz+CD,000,1274,650
990,xmllint,HasteFuzz,004,2356,863
991,xmllint,HasteFuzz,006,2390,897
992,xmllint,HasteFuzz,003,2372,875
993,xmllint,HasteFuzz,002,2398,885
994,xmllint,HasteFuzz,008,2367,883
995,xmllint,HasteFuzz,005,2379,884
996,xmllint,HasteFuzz,009,2406,902
997,xmllint,HasteFuzz,007,2352,857
998,xmllint,HasteFuzz,001,2305,828
999,xmllint,HasteFuzz,000,2368,875
1000,tiff2pdf,AFLPP,004,3044,1388
1001,tiff2pdf,AFLPP,006,3210,1477
1002,tiff2pdf,AFLPP,003,3183,1449
1003,tiff2pdf,AFLPP,002,3179,1492
1004,tiff2pdf,AFLPP,008,3152,1474
1005,tiff2pdf,AFLPP,005,3229,1507
1006,tiff2pdf,AFLPP,009,3339,1547
1007,tiff2pdf,AFLPP,007,3314,1532
1008,tiff2pdf,AFLPP,001,3169,1460
1009,tiff2pdf,AFLPP,000,3289,1508
1010,jasper,FOX+D,004,1764,648
1011,jasper,FOX+D,006,1666,585
1012,jasper,FOX+D,003,1766,654
1013,jasper,FOX+D,002,1782,659
1014,jasper,FOX+D,008,1777,654
1015,jasper,FOX+D,005,1758,633
1016,jasper,FOX+D,009,1796,659
1017,jasper,FOX+D,007,1759,613
1018,jasper,FOX+D,001,1760,633
1019,jasper,FOX+D,000,1759,641
1020,tiff2pdf,FOX,004,3287,1555
1021,tiff2pdf,FOX,006,3297,1579
1022,tiff2pdf,FOX,003,3388,1598
1023,tiff2pdf,FOX,002,3320,1555
1024,tiff2pdf,FOX,008,3358,1602
1025,tiff2pdf,FOX,005,3291,1550
1026,tiff2pdf,FOX,009,3290,1580
1027,tiff2pdf,FOX,007,3279,1558
1028,tiff2pdf,FOX,001,3391,1611
1029,tiff2pdf,FOX,000,3264,1564
1030,tcpdump,HasteFuzz+CD,004,6507,3375
1031,tcpdump,HasteFuzz+CD,006,6866,3574
1032,tcpdump,HasteFuzz+CD,003,6679,3397
1033,tcpdump,HasteFuzz+CD,002,6236,3121
1034,tcpdump,HasteFuzz+CD,008,6428,3376
1035,tcpdump,HasteFuzz+CD,005,6835,3498
1036,tcpdump,HasteFuzz+CD,009,6989,3628
1037,tcpdump,HasteFuzz+CD,007,6791,3437
1038,tcpdump,HasteFuzz+CD,001,6578,3401
1039,tcpdump,HasteFuzz+CD,000,6488,3329
1040,pdftotext,AFLPP,004,842,221
1041,pdftotext,AFLPP,006,1180,305
1042,pdftotext,AFLPP,003,1174,295
1043,pdftotext,AFLPP,002,1180,303
1044,pdftotext,AFLPP,008,1183,310
1045,pdftotext,AFLPP,005,1176,312
1046,pdftotext,AFLPP,009,1183,310
1047,pdftotext,AFLPP,007,1183,308
1048,pdftotext,AFLPP,001,1180,300
1049,pdftotext,AFLPP,000,1180,304
1050,nm-new,AFLPP,004,1115,498
1051,nm-new,AFLPP,006,1742,888
1052,nm-new,AFLPP,003,1773,934
1053,nm-new,AFLPP,002,1084,478
1054,nm-new,AFLPP,008,1835,965
1055,nm-new,AFLPP,005,1767,869
1056,nm-new,AFLPP,009,1838,951
1057,nm-new,AFLPP,007,1773,928
1058,nm-new,AFLPP,001,1212,566
1059,nm-new,AFLPP,000,1770,947
1060,exiv2,HasteFuzz+CD,004,5259,1392
1061,exiv2,HasteFuzz+CD,006,5810,1525
1062,exiv2,HasteFuzz+CD,003,5278,1416
1063,exiv2,HasteFuzz+CD,002,5227,1238
1064,exiv2,HasteFuzz+CD,008,5512,1459
1065,exiv2,HasteFuzz+CD,005,5202,1362
1066,exiv2,HasteFuzz+CD,009,5951,1590
1067,exiv2,HasteFuzz+CD,007,5426,1297
1068,exiv2,HasteFuzz+CD,001,5111,1398
1069,exiv2,HasteFuzz+CD,000,5718,1562
1070,strip-new,AFLPP+C,004,2681,1394
1071,strip-new,AFLPP+C,006,2543,1343
1072,strip-new,AFLPP+C,003,2599,1392
1073,strip-new,AFLPP+C,002,2700,1432
1074,strip-new,AFLPP+C,008,2739,1463
1075,strip-new,AFLPP+C,005,2522,1325
1076,strip-new,AFLPP+C,009,2536,1323
1077,strip-new,AFLPP+C,007,2652,1432
1078,strip-new,AFLPP+C,001,2616,1356
1079,strip-new,AFLPP+C,000,2561,1350
1080,bsdtar,FOX,004,2262,1284
1081,bsdtar,FOX,006,3024,1755
1082,bsdtar,FOX,003,2659,1602
1083,bsdtar,FOX,002,2970,1768
1084,bsdtar,FOX,008,2886,1654
1085,bsdtar,FOX,005,3414,2039
1086,bsdtar,FOX,009,3032,1749
1087,bsdtar,FOX,007,3084,1881
1088,bsdtar,FOX,001,2826,1685
1089,bsdtar,FOX,000,2574,1525
1090,size,HasteFuzz+C,004,1227,630
1091,size,HasteFuzz+C,006,1281,667
1092,size,HasteFuzz+C,003,1232,645
1093,size,HasteFuzz+C,002,1291,662
1094,size,HasteFuzz+C,008,1245,653
1095,size,HasteFuzz+C,005,1156,608
1096,size,HasteFuzz+C,009,1218,644
1097,size,HasteFuzz+C,007,1292,649
1098,size,HasteFuzz+C,001,1302,644
1099,size,HasteFuzz+C,000,1285,643
1100,bsdtar,HasteFuzz+CD,004,3310,1902
1101,bsdtar,HasteFuzz+CD,006,3186,1838
1102,bsdtar,HasteFuzz+CD,003,3237,1856
1103,bsdtar,HasteFuzz+CD,002,3298,1868
1104,bsdtar,HasteFuzz+CD,008,2669,1461
1105,bsdtar,HasteFuzz+CD,005,2999,1699
1106,bsdtar,HasteFuzz+CD,009,2836,1548
1107,bsdtar,HasteFuzz+CD,007,2974,1671
1108,bsdtar,HasteFuzz+CD,001,3172,1800
1109,bsdtar,HasteFuzz+CD,000,3266,1865
1110,jasper,AFLPP+C,004,1632,593
1111,jasper,AFLPP+C,006,1681,630
1112,jasper,AFLPP+C,003,1748,652
1113,jasper,AFLPP+C,002,1693,645
1114,jasper,AFLPP+C,008,1783,661
1115,jasper,AFLPP+C,005,1751,657
1116,jasper,AFLPP+C,009,1726,613
1117,jasper,AFLPP+C,007,1645,609
1118,jasper,AFLPP+C,001,1682,622
1119,jasper,AFLPP+C,000,1698,627
1120,xmllint,AFLPP,004,2377,871
1121,xmllint,AFLPP,006,2313,834
1122,xmllint,AFLPP,003,2340,830
1123,xmllint,AFLPP,002,2247,786
1124,xmllint,AFLPP,008,2296,823
1125,xmllint,AFLPP,005,2389,883
1126,xmllint,AFLPP,009,2309,825
1127,xmllint,AFLPP,007,2279,813
1128,xmllint,AFLPP,001,2291,818
1129,xmllint,AFLPP,000,2377,878
1130,pdftotext,FOX,004,1496,450
1131,pdftotext,FOX,006,1331,430
1132,pdftotext,FOX,003,1497,456
1133,pdftotext,FOX,002,1505,475
1134,pdftotext,FOX,008,1372,438
1135,pdftotext,FOX,005,1490,438
1136,pdftotext,FOX,009,1485,438
1137,pdftotext,FOX,007,1330,431
1138,pdftotext,FOX,001,1410,403
1139,pdftotext,FOX,000,1337,430
1140,tiff2ps,HasteFuzz+CD,004,2062,988
1141,tiff2ps,HasteFuzz+CD,006,2090,1009
1142,tiff2ps,HasteFuzz+CD,003,2098,1011
1143,tiff2ps,HasteFuzz+CD,002,2074,1005
1144,tiff2ps,HasteFuzz+CD,008,2106,1026
1145,tiff2ps,HasteFuzz+CD,005,2128,1053
1146,tiff2ps,HasteFuzz+CD,009,2140,1061
1147,tiff2ps,HasteFuzz+CD,007,2095,1021
1148,tiff2ps,HasteFuzz+CD,001,2113,1016
1149,tiff2ps,HasteFuzz+CD,000,2053,990
1150,strip-new,AFLPP,004,2435,1206
1151,strip-new,AFLPP,006,2447,1246
1152,strip-new,AFLPP,003,2400,1199
1153,strip-new,AFLPP,002,2322,1166
1154,strip-new,AFLPP,008,2470,1242
1155,strip-new,AFLPP,005,2327,1148
1156,strip-new,AFLPP,009,2483,1256
1157,strip-new,AFLPP,007,2439,1225
1158,strip-new,AFLPP,001,2437,1233
1159,strip-new,AFLPP,000,2447,1200
1160,strip-new,HasteFuzz,004,2494,1302
1161,strip-new,HasteFuzz,006,2397,1216
1162,strip-new,HasteFuzz,003,2287,1093
1163,strip-new,HasteFuzz,002,2354,1173
1164,strip-new,HasteFuzz,008,2390,1215
1165,strip-new,HasteFuzz,005,2375,1209
1166,strip-new,HasteFuzz,009,2529,1309
1167,strip-new,HasteFuzz,007,2408,1266
1168,strip-new,HasteFuzz,001,2452,1206
1169,strip-new,HasteFuzz,000,2365,1224
1170,objdump,HasteFuzz,004,2096,993
1171,objdump,HasteFuzz,006,2122,1023
1172,objdump,HasteFuzz,003,2006,913
1173,objdump,HasteFuzz,002,2010,952
1174,objdump,HasteFuzz,008,2063,943
1175,objdump,HasteFuzz,005,2180,1072
1176,objdump,HasteFuzz,009,2074,993
1177,objdump,HasteFuzz,007,2137,1004
1178,objdump,HasteFuzz,001,2163,1011
1179,objdump,HasteFuzz,000,2101,1000
1180,tcpdump,AFLPP,004,5425,2754
1181,tcpdump,AFLPP,006,5428,2743
1182,tcpdump,AFLPP,003,5076,2588
1183,tcpdump,AFLPP,002,5323,2732
1184,tcpdump,AFLPP,008,5285,2760
1185,tcpdump,AFLPP,005,5176,2724
1186,tcpdump,AFLPP,009,5277,2704
1187,tcpdump,AFLPP,007,5301,2751
1188,tcpdump,AFLPP,001,4483,2306
1189,tcpdump,AFLPP,000,5190,2642
1190,objdump,AFLPP+C,004,2642,1311
1191,objdump,AFLPP+C,006,2532,1272
1192,objdump,AFLPP+C,003,2475,1222
1193,objdump,AFLPP+C,002,2499,1249
1194,objdump,AFLPP+C,008,2483,1230
1195,objdump,AFLPP+C,005,2440,1226
1196,objdump,AFLPP+C,009,2339,1171
1197,objdump,AFLPP+C,007,2572,1265
1198,objdump,AFLPP+C,001,2536,1266
1199,objdump,AFLPP+C,000,2436,1184
